Age,Attrition,EnvironmentSatisfaction,JobLevel,MaritalStatus,MonthlyIncome,OverTime,StockOptionLevel,TotalWorkingYears,YearsAtCompany,YearsInCurrentRole,YearsWithCurrManager
41,1,2,2,0,5993,1,0,8,6,4,5
49,0,3,2,2,5130,0,1,10,10,7,7
37,1,4,1,0,2090,1,0,7,0,0,0
33,0,4,1,2,2909,1,0,8,8,7,0
27,0,1,1,2,3468,0,1,6,2,2,2
32,0,4,1,0,3068,0,0,8,7,7,6
59,0,3,1,2,2670,1,3,12,1,0,0
30,0,4,1,1,2693,0,1,1,1,0,0
38,0,4,3,0,9526,0,0,10,9,7,8
36,0,3,2,2,5237,0,2,17,7,7,7
35,0,1,1,2,2426,0,1,6,5,4,3
29,0,4,2,0,4193,1,0,10,9,5,8
31,0,1,1,1,2911,0,1,5,5,2,3
34,0,2,1,1,2661,0,1,3,2,2,2
28,1,3,1,0,2028,1,0,6,4,2,3
29,0,2,3,1,9980,0,1,10,10,9,8
32,0,1,1,1,3298,1,2,7,6,2,5
22,0,4,1,1,2935,1,2,1,1,0,0
53,0,1,4,2,15427,0,0,31,25,8,7
38,0,4,1,0,3944,1,0,6,3,2,2
24,0,1,2,1,4011,0,1,5,4,2,3
36,1,3,1,0,3407,0,0,10,5,3,3
34,0,1,3,0,11994,0,0,13,12,6,11
21,0,3,1,0,1232,0,0,0,0,0,0
34,1,2,1,0,2960,0,0,8,4,2,3
53,0,3,5,1,19094,0,1,26,14,13,8
32,1,2,1,0,3919,1,0,10,10,2,7
42,0,3,2,2,6825,0,1,10,9,7,2
44,0,1,3,2,10248,0,1,24,22,6,17
46,0,2,5,0,18947,0,0,22,2,2,1
33,0,3,1,0,2496,0,0,7,1,1,0
44,0,4,2,2,6465,1,0,9,4,2,3
30,0,4,1,0,2206,0,0,10,10,0,8
39,1,4,2,2,2086,0,1,19,1,0,0
24,1,2,1,2,2293,1,1,6,2,0,0
43,0,4,1,1,2645,0,2,6,5,3,4
50,1,1,1,2,2683,1,0,3,3,2,2
35,0,4,1,2,2014,0,0,2,2,2,2
36,0,2,1,2,3419,1,1,6,1,1,0
33,0,3,2,2,5376,0,2,10,5,3,3
35,0,3,1,1,1951,0,1,1,1,0,0
27,0,4,1,1,2341,0,1,1,1,0,0
26,1,1,1,0,2293,0,0,1,1,0,1
27,0,4,3,0,8726,0,0,9,9,8,7
30,0,3,2,0,4011,0,0,12,12,8,7
41,1,2,5,2,19545,0,0,23,22,15,8
34,0,2,2,0,4568,0,0,10,9,5,7
37,0,2,1,2,3022,0,0,8,1,0,0
46,0,1,2,0,5772,1,0,14,9,6,8
35,0,4,1,2,2269,0,0,1,1,0,1
48,1,1,3,0,5381,1,0,23,1,0,0
28,1,3,1,0,3441,1,0,2,2,2,2
44,0,2,2,1,5454,1,1,9,4,3,3
35,0,3,3,2,9884,1,1,10,4,0,3
26,0,3,2,2,4157,1,1,5,2,2,0
33,0,1,3,0,13458,1,0,15,15,14,12
35,0,2,3,2,9069,0,1,9,9,8,8
35,0,3,1,2,4014,1,1,4,2,2,2
31,0,4,2,1,5915,0,1,10,7,7,7
37,0,1,2,1,5993,0,1,7,7,5,7
32,0,1,2,2,6162,1,1,9,9,8,8
38,0,4,2,0,2406,0,0,10,10,3,9
50,0,2,5,1,18740,1,1,29,27,3,8
59,0,1,3,0,7637,0,0,28,21,16,9
36,0,3,3,1,10096,0,3,17,17,14,8
55,0,4,4,1,14756,1,3,21,5,0,2
36,0,2,2,0,6499,0,0,6,6,5,3
45,0,2,3,1,9724,0,1,25,1,0,0
35,0,2,1,2,2194,0,1,5,3,2,2
36,1,4,1,2,3388,1,1,2,1,0,0
59,0,1,2,0,5473,0,0,20,4,3,3
29,0,3,1,2,2703,0,1,6,5,4,4
31,0,3,1,0,2501,0,0,1,1,1,0
32,0,2,2,2,6220,0,2,10,10,4,9
36,0,2,1,2,3038,0,0,5,1,0,0
31,0,3,2,0,4424,0,0,11,11,7,8
35,0,3,2,0,4312,0,0,16,15,13,8
45,0,4,3,2,13245,1,0,17,0,0,0
37,0,1,3,0,13664,0,0,16,5,2,2
46,0,2,2,1,5021,1,1,16,4,2,2
30,0,4,2,2,5126,1,2,10,10,8,0
35,0,2,1,0,2859,0,0,6,6,4,4
55,0,1,3,2,10239,0,1,24,1,0,0
38,0,2,2,1,5329,1,3,17,13,11,9
34,0,1,2,2,4325,0,0,5,5,2,3
56,0,4,3,0,7260,0,0,37,6,4,2
23,0,3,1,1,2322,0,1,3,0,0,0
51,0,4,1,2,2075,0,2,10,4,2,3
30,0,3,2,2,4152,0,3,11,11,10,8
46,1,3,3,0,9619,0,0,9,9,8,7
40,0,3,4,2,13503,0,1,22,22,3,11
51,0,3,2,0,5441,1,0,11,10,7,0
30,0,3,2,1,5209,1,3,11,11,8,7
46,0,3,3,2,10673,1,1,21,10,9,5
32,0,2,2,0,5010,0,0,12,11,8,7
54,0,1,3,2,13549,0,1,16,4,3,3
24,0,1,2,2,4999,0,1,4,3,2,2
28,0,2,2,2,4221,0,0,5,5,4,4
58,0,4,4,0,13872,0,0,38,37,10,8
44,0,2,2,2,2042,0,1,17,3,2,2
37,1,3,1,1,2073,1,0,7,3,2,2
32,0,4,1,0,2956,0,0,1,1,0,0
20,1,4,1,0,2926,1,0,1,1,0,0
34,0,1,2,0,4809,0,0,16,16,13,10
37,0,3,2,1,5163,0,1,17,1,0,0
59,0,3,5,2,18844,0,1,30,3,2,2
50,0,1,5,2,18172,1,0,28,8,3,7
25,1,3,2,0,5744,1,0,6,6,4,3
25,0,4,1,2,2889,0,2,2,2,2,1
22,0,2,1,0,2871,0,0,1,0,0,0
51,0,1,3,0,7484,0,0,23,13,12,8
34,1,1,2,0,6074,1,0,9,9,7,6
54,0,4,4,0,17328,1,0,23,5,3,4
24,0,2,1,2,2774,0,1,6,5,3,2
34,0,3,2,1,4505,0,1,12,1,0,0
37,0,3,3,0,7428,0,0,12,5,3,3
34,0,3,3,0,11631,0,0,14,11,10,8
36,0,2,3,2,9738,0,1,10,9,7,8
36,0,1,1,1,2835,0,1,7,1,0,0
43,0,3,4,2,16959,1,2,25,25,12,12
30,0,1,1,1,2613,0,3,10,10,7,9
33,0,3,2,2,6146,0,1,8,7,7,7
56,1,2,1,2,4963,1,3,7,5,4,3
51,0,1,5,0,19537,0,0,23,20,18,15
31,1,2,2,2,6172,1,0,12,7,7,7
26,0,3,1,2,2368,0,0,5,5,4,3
58,1,4,3,2,10312,0,1,40,40,10,6
19,1,4,1,0,1675,1,0,0,0,0,0
22,0,3,1,2,2523,0,1,3,2,1,1
49,0,3,2,2,6567,0,0,16,15,11,11
43,0,2,1,0,4739,0,0,18,3,2,2
50,0,3,3,0,9208,0,0,16,2,2,1
31,1,2,2,2,4559,1,1,4,2,2,2
41,0,3,3,1,8189,1,1,12,9,7,7
26,0,3,1,2,2942,0,1,8,8,7,7
36,0,2,2,1,4941,0,2,7,3,2,1
51,1,1,3,0,10650,0,0,18,4,2,3
39,0,4,2,2,5902,0,1,17,15,11,9
25,0,1,2,2,8639,0,0,6,2,2,2
30,0,3,2,2,6347,1,0,12,11,9,7
32,1,1,1,0,4200,0,0,10,5,4,4
45,0,3,1,0,3452,0,0,9,6,5,3
38,0,4,2,0,4317,1,0,19,3,2,2
30,0,1,1,0,2632,0,0,5,5,4,4
32,0,4,2,1,4668,0,3,9,8,7,7
30,0,4,1,1,3204,0,1,8,3,2,2
30,0,2,1,0,2720,0,0,6,5,3,2
41,0,4,4,1,17181,0,1,21,7,6,7
41,0,3,1,2,2238,0,1,7,5,0,4
19,0,2,1,0,1483,0,0,1,1,0,0
40,0,2,2,1,5605,0,1,20,20,7,13
35,0,3,3,2,7295,0,2,10,10,8,6
53,0,2,2,2,2306,1,1,13,7,7,5
45,0,2,2,1,2348,0,1,20,17,9,15
32,0,2,3,0,8998,0,0,9,9,8,7
29,0,4,2,2,4319,0,1,10,10,7,9
51,0,2,2,2,6132,0,0,10,1,0,0
58,0,2,1,2,3346,1,1,9,1,0,0
40,0,3,3,2,10855,0,1,15,12,11,11
34,0,3,1,2,2231,0,1,6,4,3,2
22,0,3,1,2,2323,0,2,2,2,2,2
27,0,4,1,1,2024,0,1,6,2,2,2
28,0,3,1,2,2713,0,1,5,5,2,2
57,0,3,3,1,9439,1,1,12,5,3,4
27,0,3,1,1,2566,1,1,1,1,1,1
50,0,3,5,0,19926,0,0,21,5,4,4
41,0,1,1,1,2451,0,1,13,9,8,8
30,0,2,3,2,9419,0,1,12,10,9,4
38,0,1,2,0,8686,0,0,12,8,3,7
32,0,3,1,0,3038,0,0,8,5,4,4
27,0,3,1,2,3058,1,1,6,5,2,1
19,1,3,1,0,2325,0,0,1,0,0,0
36,0,4,1,0,2088,0,0,13,8,7,2
30,0,3,2,1,3072,0,2,12,12,9,10
45,0,3,2,1,5006,1,1,9,5,4,3
56,0,3,1,1,4257,1,1,19,2,2,2
33,0,3,1,0,2500,0,0,4,3,1,2
19,1,2,1,0,1102,0,0,1,1,0,0
46,0,2,3,1,10453,0,3,24,24,13,7
38,0,3,1,0,2288,0,0,2,2,2,1
31,0,3,1,2,3929,1,1,7,4,2,2
34,0,4,1,0,2311,0,0,9,3,2,2
41,1,2,1,0,3140,1,0,4,4,3,2
50,0,3,1,2,3690,0,1,5,3,2,2
53,0,4,2,1,4450,0,2,5,4,2,3
33,0,4,1,2,2756,0,1,8,8,7,6
40,0,4,5,2,19033,0,1,21,20,8,9
55,0,3,5,0,18722,0,0,36,24,15,15
34,0,4,2,2,9547,0,0,10,10,9,9
51,0,4,4,0,13734,0,0,21,7,7,0
52,0,3,5,2,19999,0,1,34,33,18,9
27,0,4,1,0,2279,0,0,7,7,7,3
35,1,2,2,2,5916,1,0,8,1,0,1
43,0,4,1,1,2089,0,3,7,5,4,2
45,0,1,4,2,16792,0,1,22,20,8,8
37,0,2,1,2,3564,1,1,8,8,7,7
35,0,2,2,0,4425,0,0,10,6,2,2
42,0,3,2,1,5265,0,1,11,5,3,2
38,0,4,2,2,6553,0,0,14,1,0,0
38,0,4,2,2,6261,0,1,9,7,7,7
27,0,3,2,2,4298,0,1,6,2,2,0
49,0,4,2,1,6804,1,2,7,7,7,7
34,0,4,1,1,3815,1,1,5,5,3,0
40,0,3,2,2,2741,1,1,15,7,2,7
38,1,2,2,2,6673,1,0,17,1,0,0
29,1,2,3,2,7639,0,3,10,10,4,9
22,0,4,1,1,2328,1,1,4,4,2,2
36,0,2,1,0,2153,0,0,8,8,1,7
40,0,4,2,2,4876,0,1,5,3,2,2
46,0,4,3,1,9396,0,1,17,4,2,3
32,1,4,3,2,10400,0,0,14,14,8,8
30,0,3,3,0,8474,0,0,12,11,8,8
27,0,4,2,0,9981,0,0,7,7,7,7
51,0,2,3,2,12490,0,2,16,10,9,7
30,1,4,1,0,2657,1,0,8,5,2,4
41,0,4,3,0,13591,1,0,16,1,0,0
30,1,3,2,0,6696,0,0,9,6,3,1
29,1,3,1,0,2058,0,0,7,6,2,5
45,0,4,3,0,8865,0,0,23,19,7,8
54,0,4,2,2,5940,0,1,16,6,2,5
36,0,4,2,0,5914,0,0,16,13,11,7
33,0,3,1,2,2622,0,0,7,3,2,1
37,0,2,3,1,12185,1,3,10,10,8,7
38,0,1,3,1,10609,0,2,17,16,10,13
31,0,3,2,2,4345,0,1,6,5,4,4
59,0,3,1,2,2177,0,1,7,1,0,0
37,0,1,1,1,2793,0,1,13,9,8,8
29,0,2,3,2,7918,0,1,11,11,10,1
35,0,3,3,0,8789,0,0,10,10,7,8
29,1,3,1,0,2389,1,0,4,4,3,1
52,0,3,1,0,3212,0,0,6,2,2,2
42,0,3,5,2,19232,0,0,22,22,17,15
59,0,2,1,2,2267,0,0,7,2,2,2
50,0,4,5,1,19517,0,1,32,7,0,6
33,1,3,1,2,2436,1,1,8,5,4,4
43,0,4,4,2,16064,1,1,22,17,13,9
33,1,1,1,2,2707,0,0,13,9,7,7
52,0,1,5,0,19068,1,0,33,33,7,12
32,0,3,1,2,3931,0,1,6,4,3,2
32,1,4,1,0,3730,1,0,4,3,2,2
39,0,3,1,1,2232,0,3,7,3,2,2
32,0,3,2,2,4465,0,0,4,3,2,2
41,0,3,2,1,3072,0,2,17,1,0,0
40,0,1,2,1,3319,0,2,9,9,8,7
45,0,3,5,2,19202,0,1,25,24,0,7
31,0,2,3,1,13675,0,1,9,2,2,2
33,0,3,1,2,2911,0,1,2,2,2,2
34,0,4,2,2,5957,0,1,13,11,9,9
37,0,3,1,2,3920,0,1,17,3,1,2
45,0,1,2,2,6434,0,1,9,3,2,2
37,1,1,3,1,10048,0,2,17,1,0,0
39,0,3,3,0,10938,0,0,20,19,6,8
29,0,3,1,0,2340,0,0,6,6,5,5
42,0,4,2,0,6545,1,0,10,3,2,2
29,0,4,2,1,6931,0,1,10,3,2,2
25,0,1,2,2,4898,0,2,5,4,2,2
42,0,4,1,1,2593,1,1,10,9,6,8
40,0,1,5,1,19436,0,1,22,21,7,9
51,0,3,1,2,2723,0,0,1,1,0,0
31,1,3,1,0,3479,0,0,6,5,4,4
32,0,2,1,2,2794,0,0,5,5,1,3
38,0,4,2,2,5249,0,1,13,8,7,5
32,0,4,2,0,2176,0,0,9,6,2,4
46,0,3,4,2,16872,1,1,28,7,7,7
28,1,1,1,0,3485,0,0,5,0,0,0
29,0,1,2,2,6644,0,2,10,0,0,0
31,0,2,2,2,5582,0,1,10,9,0,8
25,0,2,2,1,4000,0,2,6,6,3,5
45,0,3,4,2,13496,1,0,21,20,7,10
36,0,4,1,2,3210,0,1,16,15,13,11
55,0,4,5,0,19045,1,0,37,36,10,13
47,1,1,3,2,11849,1,1,10,10,7,9
28,0,4,1,2,2070,0,1,5,5,2,4
37,0,3,2,2,6502,0,1,7,5,4,1
21,0,4,1,0,3230,0,0,3,3,2,0
37,0,1,3,1,13603,1,2,15,5,2,2
35,0,2,3,1,11996,0,1,10,7,7,2
38,0,1,2,1,5605,1,1,8,8,0,7
26,0,3,2,1,6397,0,1,6,6,5,4
50,0,1,5,1,19144,0,2,28,10,4,6
53,0,3,4,2,17584,1,3,21,5,3,3
42,0,2,2,2,4907,0,0,20,20,16,6
29,0,2,2,0,4554,0,0,10,10,7,9
55,0,2,2,2,5415,1,1,12,10,7,8
26,0,1,2,2,4741,1,1,5,5,3,3
37,0,4,1,0,2115,0,0,17,17,12,7
44,1,4,1,1,3161,1,1,19,1,0,0
38,0,4,2,1,5745,0,1,10,2,2,2
26,1,1,1,1,2373,1,1,5,3,2,2
28,0,4,1,0,3310,0,0,5,5,3,2
49,0,3,5,0,18665,1,0,22,3,2,2
36,0,3,2,0,4485,0,0,10,8,0,7
31,0,4,1,1,2789,0,1,2,2,2,2
26,1,4,2,0,5828,1,0,8,8,7,4
37,0,2,1,2,2326,1,3,4,4,2,2
42,0,3,4,2,13525,0,1,23,20,4,8
18,1,3,1,0,1420,0,0,0,0,0,0
35,0,3,3,2,8020,0,2,12,11,9,9
36,0,3,1,2,3688,0,2,4,1,0,0
51,0,4,2,1,5482,0,1,13,4,1,2
41,0,4,4,0,16015,0,0,22,22,10,4
18,0,4,1,0,1200,0,0,0,0,0,0
28,0,2,2,0,5661,0,0,9,8,3,7
31,0,2,2,2,6929,0,1,10,8,7,7
39,0,3,3,1,9613,0,3,19,18,10,7
36,0,2,2,2,5674,0,1,11,9,8,8
32,0,4,2,2,5484,0,1,13,13,8,8
38,0,1,3,2,12061,0,1,19,10,8,1
58,0,4,2,1,5660,1,1,12,5,3,2
31,0,3,1,2,4821,1,1,6,5,2,3
31,0,1,2,2,6410,0,0,9,2,2,0
45,0,1,3,1,5210,0,1,24,24,9,11
31,0,3,1,1,2695,1,1,3,2,2,2
33,0,4,3,2,11878,0,2,12,10,6,8
39,0,3,4,2,17068,1,0,21,21,9,10
43,0,3,1,0,2455,0,0,9,8,7,7
49,0,3,4,0,13964,1,0,25,7,1,7
52,1,3,2,2,4941,0,0,11,8,2,7
27,0,3,1,0,2478,1,0,4,4,3,2
32,0,3,2,2,5228,1,0,13,13,12,9
27,0,4,2,0,4478,1,0,5,5,4,4
31,0,4,2,1,7547,0,3,13,7,7,7
32,0,1,2,0,5055,0,0,10,7,7,7
28,1,1,1,2,3464,1,0,5,3,2,2
30,0,4,2,2,5775,0,2,11,10,8,9
31,0,3,3,2,8943,0,1,10,10,9,9
39,0,3,5,2,19272,0,1,21,21,9,3
39,1,4,2,2,5238,1,0,12,1,0,0
33,0,2,2,0,4682,0,0,9,7,7,1
47,0,4,5,2,18300,0,1,21,3,2,1
43,0,3,2,1,5257,0,1,9,9,7,0
27,0,3,2,2,6349,1,1,6,5,4,4
54,0,4,2,0,4869,0,0,20,4,3,3
43,0,3,3,2,9985,0,1,10,1,0,0
45,0,4,2,2,3697,0,2,12,10,9,8
40,0,2,2,2,7457,1,3,6,4,3,2
29,1,2,1,2,2119,1,0,7,7,7,7
29,0,2,1,0,3983,0,0,4,3,2,2
30,0,4,2,1,6118,0,3,10,10,9,2
27,0,2,2,2,6214,0,1,8,8,7,7
37,0,4,2,1,6347,0,2,8,6,2,4
38,0,3,3,1,11510,1,1,12,11,10,9
31,0,3,3,0,7143,1,0,11,11,9,10
29,0,4,2,1,8268,1,2,7,7,7,7
35,0,3,3,0,8095,0,0,17,16,6,13
23,0,3,1,1,2904,0,2,4,4,2,2
41,0,4,2,0,6032,1,0,8,5,4,2
47,0,2,2,0,2976,0,0,5,0,0,0
42,0,1,4,0,15992,0,0,16,1,0,0
29,0,4,2,2,4649,0,1,4,4,3,2
42,0,3,1,1,2696,1,1,4,3,2,0
32,0,3,1,2,2370,0,1,8,8,0,7
48,0,1,3,2,12504,0,1,15,0,0,0
37,0,3,2,1,5974,1,2,13,7,7,7
30,0,4,2,2,4736,1,1,4,2,2,2
26,0,3,2,2,5296,0,1,8,8,7,7
42,0,1,2,0,6781,0,0,14,1,0,0
21,1,1,1,0,2174,1,0,3,3,2,2
36,0,4,2,0,6653,0,0,7,1,0,0
36,0,1,3,2,9699,0,1,16,13,9,12
57,0,4,2,2,6755,0,0,15,3,2,2
40,0,4,1,2,2213,1,1,10,7,7,7
21,0,1,1,0,2610,0,0,3,3,2,2
33,1,4,1,0,2851,1,0,1,1,0,0
37,0,3,1,2,3452,0,1,17,5,4,3
46,0,3,2,2,5258,0,0,7,1,0,0
41,1,1,2,0,9355,0,0,8,8,7,7
50,0,4,3,0,10496,0,0,20,4,3,3
40,1,3,2,2,6380,1,2,8,6,4,0
31,0,3,1,0,2657,1,0,3,2,2,2
21,1,3,1,0,2716,0,0,1,1,0,0
29,0,4,1,0,2201,0,0,6,3,2,2
35,0,3,2,0,6540,0,0,10,1,1,0
27,0,4,1,1,3816,0,1,5,5,2,4
28,0,2,2,0,5253,0,0,7,7,5,7
49,0,2,3,0,10965,0,0,26,5,2,0
51,0,3,2,2,4936,0,1,18,7,7,7
36,0,4,1,2,2543,0,1,6,2,2,2
34,1,1,2,0,5304,1,0,9,5,2,4
55,0,3,4,0,16659,1,0,30,5,4,2
24,0,4,2,1,4260,1,1,5,5,2,3
30,0,3,1,2,2476,0,1,1,1,0,0
26,1,3,1,0,3102,0,0,7,6,4,4
22,0,1,1,2,2244,0,1,2,2,1,2
36,0,2,3,2,7596,0,2,10,10,9,0
30,1,3,1,0,2285,1,0,3,1,0,0
37,0,4,1,1,3034,0,1,18,18,7,17
40,0,4,2,1,5715,0,2,8,5,4,3
42,0,2,1,1,2576,0,1,8,5,2,2
37,0,3,2,0,4197,1,0,18,1,0,1
43,0,1,4,1,14336,0,1,25,25,10,9
40,0,2,2,2,3448,0,1,20,1,0,0
54,0,1,5,2,19406,0,1,24,4,2,2
34,0,3,2,2,6538,0,1,6,3,2,2
31,0,2,2,2,4306,0,1,13,13,10,12
43,0,4,1,2,2258,0,1,8,3,2,2
43,0,3,2,1,4522,1,0,8,5,2,2
25,0,2,2,0,4487,1,0,5,5,4,3
37,0,2,2,2,4449,1,2,15,13,11,7
31,0,4,1,2,2218,0,1,4,4,2,2
39,0,2,5,1,19197,1,1,21,21,8,6
56,0,3,4,2,13212,0,3,36,7,7,7
30,0,2,2,0,6577,0,0,6,5,4,4
41,0,2,3,2,8392,0,1,10,10,7,7
28,0,3,2,1,4558,0,1,10,10,0,8
25,1,1,1,2,4031,0,1,6,2,2,2
52,0,4,3,2,7969,1,0,28,5,4,4
45,0,1,1,2,2654,0,2,8,2,2,2
52,0,4,4,2,16555,0,0,31,5,2,4
42,0,1,2,1,4556,0,1,19,5,4,2
30,0,3,2,0,6091,0,0,11,5,4,2
60,0,1,5,2,19566,0,0,33,29,8,10
46,0,3,2,1,4810,0,1,19,10,7,8
42,0,4,2,2,4523,0,3,7,6,5,4
24,1,1,1,0,3202,1,0,6,5,3,4
34,1,4,1,1,2351,0,1,3,2,2,0
38,0,4,1,2,1702,1,1,1,1,0,0
40,0,3,5,2,18041,0,0,21,20,15,12
26,0,1,1,1,2886,0,2,3,3,2,2
30,0,3,1,2,2097,0,1,9,5,3,4
29,0,2,3,2,11935,0,0,10,10,2,7
29,1,3,1,2,2546,0,0,6,2,2,1
19,1,1,1,0,2564,0,0,1,1,0,0
30,0,3,3,2,8412,0,0,10,9,8,8
57,0,1,4,1,14118,0,1,32,1,0,0
50,0,2,4,2,17046,0,1,28,27,10,7
30,0,3,1,0,2564,0,0,12,11,7,7
60,0,3,3,2,10266,0,0,22,18,13,11
47,0,1,2,1,5070,0,3,20,5,0,4
46,0,1,4,2,17861,0,0,26,3,2,1
35,0,4,1,0,4230,0,0,6,5,4,3
54,0,3,2,0,3780,0,0,19,1,0,0
34,0,4,1,1,2768,0,1,14,7,3,7
46,0,3,3,2,9071,1,1,15,3,2,2
31,0,3,3,1,10648,0,1,13,13,8,8
33,1,2,3,2,13610,1,0,15,7,6,7
33,1,1,1,1,3408,0,3,8,4,3,3
30,0,4,1,0,2983,0,0,4,3,2,2
35,0,4,3,2,7632,1,0,10,8,7,0
31,1,1,3,2,9824,0,0,12,1,0,0
34,1,2,3,1,9950,1,3,11,3,2,2
42,0,2,1,2,2093,0,1,8,2,2,0
36,0,2,3,0,9980,0,0,10,10,3,7
22,1,3,1,0,3894,0,0,4,2,2,2
48,0,2,2,2,4051,0,1,14,9,7,7
55,0,1,4,0,16835,0,0,37,10,9,7
41,0,4,2,0,6230,0,0,16,14,3,10
35,0,2,2,2,4717,0,0,15,11,9,9
40,0,2,4,0,13237,0,0,22,20,6,13
39,0,3,1,2,3755,0,1,8,8,3,7
31,0,2,2,0,6582,1,0,10,6,5,5
42,0,4,3,2,7406,1,1,10,10,9,8
45,0,4,2,2,4805,0,1,9,8,7,7
26,1,2,1,1,2741,1,1,8,7,7,0
29,0,4,2,1,4262,0,2,8,3,2,2
33,0,1,4,1,16184,0,1,10,6,1,5
31,0,3,3,1,11557,0,1,10,5,4,1
18,1,2,1,0,1878,1,0,0,0,0,0
40,0,3,3,1,10932,0,1,20,1,0,1
41,0,1,2,0,6811,1,0,10,8,7,7
26,0,1,2,1,4306,0,2,8,0,0,0
35,0,1,2,0,4859,0,0,5,5,4,3
34,0,4,2,0,5337,0,0,10,10,7,7
26,1,3,1,0,2340,1,0,1,1,0,0
37,0,2,3,0,7491,0,0,12,6,5,2
46,0,1,3,2,10527,0,0,28,2,2,2
41,0,2,4,2,16595,0,1,22,18,16,8
37,0,1,3,1,8834,0,1,9,9,5,7
52,0,4,2,1,5577,1,2,18,10,9,9
32,1,4,2,2,4707,0,0,6,4,2,2
24,0,4,1,2,2400,0,2,3,2,2,1
38,0,3,2,2,9824,0,1,18,1,0,0
37,0,2,2,2,6447,0,1,8,6,5,3
49,0,4,5,1,19502,1,1,31,31,9,9
24,0,2,1,2,2725,1,2,6,6,5,4
26,0,1,2,2,6272,0,2,6,5,3,4
24,0,4,1,2,2127,0,1,1,1,0,0
50,0,1,5,2,18200,0,1,32,32,5,7
25,0,2,1,2,2096,0,0,7,7,4,6
24,1,1,1,2,2886,1,1,6,6,3,2
30,1,2,1,2,2033,0,1,1,1,0,0
34,0,2,1,2,3622,1,1,6,6,5,3
31,1,2,2,1,4233,0,0,9,3,1,2
35,0,1,2,0,3681,0,0,9,3,2,2
31,0,1,2,1,5460,0,2,13,7,7,7
27,0,1,1,1,2187,0,2,6,5,3,3
37,0,4,2,2,9602,1,1,17,3,0,0
20,0,4,1,0,2836,0,0,1,1,0,0
42,0,3,2,2,4089,0,2,10,10,2,2
43,0,2,4,1,16627,1,1,21,1,0,0
38,0,3,1,0,2619,0,0,8,0,0,0
43,0,4,2,1,5679,1,1,10,8,7,7
48,0,4,4,2,15402,0,1,21,3,2,2
44,0,1,2,0,5985,0,0,10,2,2,2
34,0,3,1,1,2579,1,2,8,8,2,6
27,1,3,1,1,3041,0,1,5,4,3,2
21,0,3,1,0,3447,0,0,3,3,2,2
44,0,4,5,2,19513,1,1,26,2,2,1
22,0,1,1,2,2773,0,0,3,2,2,2
33,0,3,2,1,7104,0,0,6,5,0,2
32,0,1,2,2,6322,1,1,6,6,4,5
30,0,3,1,1,2083,0,1,1,1,0,0
53,0,4,2,0,8381,0,0,18,14,7,10
34,0,2,1,2,2691,0,1,10,10,9,8
45,1,1,2,2,4286,0,2,5,1,1,0
26,0,3,1,2,2659,1,1,3,3,2,2
37,0,3,3,2,9434,0,1,10,10,7,8
29,0,2,2,2,5561,0,1,6,6,0,2
35,0,2,2,0,6646,0,0,17,17,11,8
33,0,3,2,1,7725,0,1,15,13,11,7
54,0,3,3,2,10725,0,1,16,9,7,1
36,0,2,2,1,8847,1,1,13,3,2,2
27,0,1,1,0,2045,0,0,5,4,2,1
20,1,4,1,0,1009,1,0,1,1,0,1
33,1,1,1,0,3348,1,0,10,10,8,7
35,0,3,1,2,1281,0,2,1,1,0,0
23,0,1,1,2,2819,0,1,5,3,2,2
25,0,4,2,2,4851,0,1,4,3,2,2
38,0,4,2,0,4028,0,0,8,7,7,5
29,0,2,1,1,2720,0,1,10,10,7,8
48,0,2,2,2,8120,0,0,12,2,2,2
27,0,4,2,1,4647,1,2,6,6,5,4
37,0,4,1,0,4680,0,0,4,1,0,0
50,0,4,1,2,3221,1,3,20,20,8,8
34,0,4,3,0,8621,0,0,9,8,7,7
24,1,1,2,0,4577,0,0,4,2,2,0
39,0,4,2,0,4553,0,0,20,20,7,10
32,0,4,2,0,5396,0,0,10,10,7,8
50,1,2,2,2,6796,1,1,18,4,3,3
38,0,2,2,0,7625,0,0,10,9,7,8
27,0,3,3,2,7412,0,0,9,9,7,7
32,0,3,3,0,11159,0,0,10,7,7,7
47,0,4,2,0,4960,0,0,20,7,7,7
40,0,4,3,2,10475,1,1,20,18,13,12
53,0,3,4,2,14814,0,0,32,5,1,3
41,0,2,5,1,19141,0,3,23,21,6,6
60,0,1,2,0,5405,0,0,10,2,2,2
27,0,4,3,1,8793,0,2,9,9,7,7
41,0,4,5,2,19189,0,1,22,22,7,10
50,0,4,1,2,3875,0,1,4,2,2,2
28,1,1,1,0,2216,1,0,10,7,7,7
36,0,1,3,2,11713,0,1,10,8,7,5
38,0,3,3,0,7861,1,0,10,1,0,0
44,0,1,1,0,3708,0,0,9,5,2,4
47,0,4,4,1,13770,1,2,28,22,2,13
30,0,3,2,1,5304,0,1,10,8,7,7
29,0,3,1,0,2642,0,0,1,1,0,0
42,1,3,1,1,2759,1,0,7,2,2,2
43,0,4,2,2,6804,0,1,7,2,2,2
34,0,2,2,0,6142,0,0,10,5,1,3
23,0,2,1,2,2500,0,1,5,4,3,2
39,0,3,2,2,6389,0,1,12,8,3,6
56,0,3,4,2,11103,0,0,30,10,7,1
40,0,4,1,0,2342,1,0,5,4,2,3
27,0,4,2,0,6811,0,0,9,7,6,7
29,0,4,1,1,2297,0,2,2,2,2,2
53,0,4,2,0,2450,0,0,19,2,2,2
35,0,4,2,1,5093,0,1,16,1,0,0
32,0,1,2,2,5309,0,2,10,10,8,7
38,0,4,1,2,3057,1,1,6,1,0,1
34,0,2,2,1,5121,0,1,7,0,0,0
52,0,3,4,2,16856,0,0,34,34,6,16
33,1,4,1,0,2686,1,0,10,10,9,8
25,0,3,2,0,6180,0,0,6,6,5,4
45,0,2,2,0,6632,0,0,9,8,7,1
23,0,1,1,0,3505,0,0,2,2,2,2
47,1,2,2,0,6397,1,0,8,5,4,3
34,0,4,2,0,6274,0,0,6,6,5,4
55,1,4,5,2,19859,1,1,24,5,2,4
36,0,1,3,0,7587,0,0,10,10,7,9
52,0,4,1,2,4258,0,1,5,4,3,2
26,0,1,1,1,4364,0,1,5,2,2,0
29,0,2,2,2,4335,0,1,11,8,7,1
26,1,4,2,0,5326,0,0,6,4,3,2
34,0,2,1,0,3280,0,0,10,4,2,3
54,0,4,2,1,5485,1,2,9,5,3,4
27,0,3,2,2,4342,0,1,5,4,2,1
37,0,4,1,1,2782,1,2,6,5,3,3
38,0,1,2,0,5980,1,0,17,15,7,12
34,0,3,1,0,4381,0,0,6,6,5,3
35,0,1,1,2,2572,0,1,3,3,2,2
30,0,4,1,2,3833,0,2,7,2,2,2
40,0,3,2,2,4244,0,1,8,8,7,7
34,0,3,2,2,6500,0,1,6,3,2,2
42,0,2,5,1,18430,0,1,24,24,7,9
23,1,3,1,2,1601,1,2,1,0,0,0
24,0,3,1,1,2694,0,3,1,1,0,0
52,0,4,2,2,3149,0,1,9,5,2,4
50,0,3,4,2,17639,0,0,30,4,3,3
29,1,2,1,2,2319,1,1,1,1,0,0
33,0,3,3,2,11691,0,0,14,13,9,7
33,1,1,2,0,5324,0,0,6,3,2,2
47,0,3,4,2,16752,1,1,26,26,14,0
36,0,3,2,2,5228,0,1,10,9,7,5
29,0,3,1,2,2700,0,1,10,10,7,7
58,1,4,5,0,19246,1,0,40,31,15,8
35,0,4,1,0,2506,0,0,7,2,2,2
42,0,4,2,2,6062,1,1,8,4,3,2
28,1,3,1,0,4382,0,0,5,2,2,1
36,0,3,1,2,2143,0,1,8,5,2,4
32,0,3,2,2,6162,0,1,14,14,13,8
40,0,1,2,0,5094,0,0,10,1,0,0
30,0,3,2,0,6877,1,0,12,0,0,0
45,0,2,1,0,2274,0,0,1,1,0,0
42,0,2,2,2,4434,0,1,10,9,8,8
38,0,1,2,1,6288,0,1,13,4,3,2
34,0,3,1,0,2553,0,0,6,5,2,3
49,1,3,3,2,7654,0,2,9,9,8,7
55,1,3,2,0,5160,0,0,12,9,7,3
43,0,2,4,2,17159,0,1,22,4,1,0
27,0,3,3,1,12808,1,1,9,9,8,8
35,0,3,3,0,10221,0,0,17,8,5,6
28,0,2,2,2,4779,1,0,8,8,7,5
34,0,3,1,2,3737,0,1,4,3,2,2
26,1,3,1,2,2366,1,1,8,8,7,7
27,0,4,1,2,1706,0,3,0,0,0,0
51,0,1,4,2,16307,0,1,29,20,6,17
44,0,4,2,0,5933,0,0,10,5,2,3
25,0,1,1,0,3424,0,0,6,4,3,1
33,0,1,2,1,4037,0,1,9,9,8,8
35,0,3,1,0,2559,0,0,6,6,5,1
36,0,2,2,2,6201,1,1,18,18,14,11
32,0,2,2,1,4403,0,1,8,5,2,3
30,0,2,1,1,3761,0,1,10,5,4,3
53,0,1,3,2,10934,1,1,35,5,2,4
45,0,4,3,1,10761,1,1,18,5,4,2
32,0,3,2,2,5175,0,1,9,5,3,3
52,0,3,4,2,13826,0,0,31,9,8,0
37,0,4,2,1,6334,0,2,9,1,0,0
28,0,2,1,1,4936,0,1,6,5,1,4
22,0,4,2,2,4775,0,2,4,2,2,2
44,0,1,1,2,2818,1,1,10,3,2,2
42,0,2,1,0,2515,1,0,8,2,1,2
36,0,1,1,2,2342,0,0,6,5,4,3
25,0,3,2,2,4194,1,0,5,5,3,3
35,0,4,3,2,10685,1,1,17,17,14,15
35,1,4,1,1,2022,1,1,10,10,2,8
32,0,4,1,1,2314,0,1,4,3,0,2
25,0,3,2,2,4256,0,0,5,5,2,3
49,0,3,1,2,3580,0,1,7,4,2,2
24,0,1,1,2,3162,0,0,6,5,2,4
32,0,2,2,2,6524,0,1,10,10,8,3
38,0,2,1,2,2899,0,1,3,2,2,2
42,0,3,2,2,5231,1,1,17,5,3,3
31,0,4,1,2,2356,1,1,8,6,4,2
29,1,2,1,1,2800,1,3,5,3,2,2
53,0,1,4,2,11836,0,1,28,2,0,2
35,0,4,3,2,10903,0,0,16,13,10,8
37,0,3,1,2,2973,0,1,10,5,4,0
53,0,4,4,0,14275,0,0,33,12,9,8
43,0,4,2,2,5562,0,1,12,5,2,2
47,0,3,2,2,4537,1,1,8,7,6,7
37,0,1,3,0,7642,1,0,10,10,0,9
50,0,1,4,1,17924,0,1,31,31,6,7
39,0,4,2,2,5204,0,2,13,5,4,4
33,0,4,1,1,2277,1,1,7,4,3,3
32,1,1,1,0,2795,1,0,1,1,0,1
29,0,1,1,1,2532,0,3,8,4,3,3
44,0,2,1,2,2559,1,0,8,8,7,1
28,0,1,2,0,4908,0,0,4,4,2,2
58,1,4,1,1,2380,1,1,3,1,0,0
43,0,1,2,1,4765,0,1,4,1,0,0
20,1,3,1,0,2044,0,0,2,2,2,2
21,1,4,1,0,2693,0,0,1,1,0,0
36,0,3,2,2,6586,1,1,17,16,8,11
47,0,4,1,0,3294,1,0,3,3,2,2
22,1,2,2,2,4171,1,1,4,3,2,2
41,1,2,1,1,2778,1,1,10,7,7,0
28,0,3,1,1,2377,0,1,6,2,2,2
39,1,4,1,2,2404,1,0,8,2,2,2
27,0,2,1,0,2318,0,0,1,1,1,0
34,0,2,1,1,2008,0,2,1,1,0,0
42,0,3,2,0,6244,0,0,10,5,4,3
33,0,3,1,0,2799,1,0,6,3,2,2
58,0,3,3,1,10552,1,1,24,6,0,4
31,0,2,1,2,2329,0,0,13,7,7,2
35,0,4,2,2,4014,1,1,10,10,6,7
49,0,1,3,2,7403,0,1,29,26,9,7
48,0,4,1,2,2259,0,2,13,0,0,0
31,0,4,2,2,6932,0,1,9,9,8,0
36,0,2,1,0,4678,0,0,8,6,2,1
38,0,4,3,2,13582,0,1,15,15,12,11
32,0,3,1,2,2332,0,0,5,3,0,2
25,1,3,1,2,2413,1,3,1,1,0,0
40,0,1,3,1,9705,0,1,11,1,0,0
26,0,3,2,0,4294,0,0,7,7,7,7
41,0,4,1,0,4721,1,0,20,18,13,17
36,0,3,1,0,2519,0,0,16,11,8,9
19,1,4,1,0,2121,1,0,1,1,0,0
20,1,1,1,0,2973,0,0,1,1,0,0
31,0,4,2,2,5855,1,2,10,9,7,5
40,0,4,1,1,3617,1,1,3,1,1,0
32,0,3,2,2,6725,0,1,8,8,7,3
36,1,3,3,2,10325,1,1,16,16,7,7
33,0,2,2,0,6949,0,0,6,5,0,4
37,1,1,3,2,10609,0,0,17,14,1,7
45,0,3,2,2,4447,0,0,9,9,7,8
29,0,3,1,2,2157,0,1,3,3,1,2
35,0,3,2,2,4601,0,0,5,5,2,0
52,0,4,4,2,17099,0,1,26,9,8,8
58,1,4,1,0,2479,0,0,7,1,0,0
53,0,3,4,1,14852,0,1,22,17,13,2
30,0,3,3,1,7264,0,1,10,8,4,7
38,0,3,2,0,5666,1,0,6,5,3,3
35,0,4,3,1,7823,0,1,12,10,9,8
39,0,1,3,0,7880,0,0,9,8,7,7
40,1,2,4,0,13194,1,0,22,1,0,0
47,0,3,2,1,5067,1,0,20,19,10,7
36,0,1,2,1,5079,0,2,12,7,7,7
31,1,3,1,0,2321,1,0,4,3,2,2
33,0,4,4,0,17444,0,0,10,10,8,0
29,1,4,1,0,2404,1,0,3,0,0,0
33,0,2,1,0,3452,0,0,5,3,2,2
45,0,4,1,1,2270,0,2,8,5,3,2
50,0,4,4,1,17399,0,1,32,5,4,3
33,0,3,2,2,5488,1,1,6,6,5,2
41,0,1,5,1,19419,0,1,21,18,16,11
27,0,3,1,2,2811,0,1,4,2,2,2
45,0,4,2,2,3633,1,1,9,9,8,8
47,0,4,2,0,4163,1,0,9,9,0,7
30,1,1,1,2,2132,1,0,7,5,2,1
50,0,4,4,2,13973,1,1,22,12,11,5
38,0,3,1,2,2684,0,1,3,2,1,2
46,0,4,3,1,10845,0,1,13,8,7,7
24,0,4,2,1,4377,0,2,5,4,2,2
35,1,3,1,1,3743,1,1,5,4,2,2
31,0,3,2,2,4148,0,1,4,4,3,3
18,0,2,1,0,1051,0,0,0,0,0,0
54,0,3,3,2,10739,0,1,22,10,7,8
35,0,3,3,1,10388,1,1,16,16,10,1
30,0,2,3,2,11416,1,3,9,8,7,7
20,1,4,1,0,2600,1,0,1,1,0,0
30,1,2,1,0,2422,0,0,4,3,2,2
26,0,4,2,2,5472,0,0,8,8,7,3
22,0,2,1,2,2451,0,1,4,4,3,1
48,0,1,2,0,4240,0,0,19,2,2,2
48,0,3,3,0,10999,0,0,27,15,11,8
41,0,4,2,0,5003,0,0,8,2,2,1
39,0,4,4,2,12742,0,1,21,21,6,8
27,0,1,2,2,4227,0,1,4,3,2,2
35,0,2,1,1,3917,0,1,3,3,2,2
42,0,4,5,2,18303,0,0,21,1,0,0
50,0,1,1,2,2380,0,0,8,1,0,0
59,0,3,4,0,13726,1,0,30,5,3,3
37,1,1,2,2,4777,0,0,15,1,0,0
55,0,3,2,2,6385,1,2,17,8,7,7
41,0,2,5,1,19973,0,2,21,21,16,10
38,0,2,2,0,6861,1,0,19,1,0,0
26,1,2,2,0,4969,0,0,7,2,2,2
52,1,1,5,2,19845,0,1,33,32,14,9
44,0,4,4,2,13320,1,1,23,12,11,11
50,0,4,2,2,6347,0,1,19,18,7,13
36,1,3,1,0,2743,0,0,18,17,13,14
39,0,4,3,0,10880,1,0,21,21,6,8
33,0,2,1,0,2342,0,0,3,2,2,2
45,0,4,4,2,17650,0,1,26,9,3,1
32,0,4,1,0,4025,0,0,10,8,7,7
34,0,2,2,1,9725,0,1,16,15,1,9
59,0,2,3,2,11904,1,1,14,6,4,4
45,0,2,1,0,2177,0,0,6,6,3,4
53,0,3,3,2,7525,0,1,30,15,7,12
36,1,1,2,1,4834,0,1,9,1,0,0
26,1,1,1,2,2042,1,1,6,3,2,2
34,0,3,1,2,2220,1,1,1,1,1,0
28,0,4,1,2,1052,0,0,1,1,0,0
38,0,3,1,2,2821,0,1,8,2,2,2
50,0,2,5,2,19237,1,1,29,8,1,7
37,0,4,2,0,4107,0,0,8,4,3,1
40,0,3,2,2,8396,0,1,8,7,7,5
26,0,1,1,1,2007,0,2,5,5,3,3
46,0,4,5,1,19627,0,2,23,2,2,2
54,0,3,3,2,10686,0,1,13,9,4,0
56,0,1,1,2,2942,0,1,18,5,4,3
36,0,4,3,0,8858,0,0,15,14,8,8
55,0,3,4,0,16756,0,0,31,9,7,2
43,0,3,3,1,10798,0,1,18,1,0,0
20,1,4,1,0,2323,1,0,2,2,2,2
21,1,3,1,0,1416,0,0,1,1,0,0
46,0,4,2,1,4615,1,3,19,16,13,7
51,1,1,1,2,2461,1,3,18,10,0,7
28,1,2,3,0,8722,0,0,10,10,7,9
26,0,1,1,2,3955,0,2,6,5,3,3
30,0,3,2,2,9957,0,1,7,6,2,2
41,0,2,1,2,3376,0,0,10,10,6,8
38,0,3,3,2,8823,0,1,20,19,9,9
40,0,1,3,2,10322,0,1,14,11,10,1
27,0,1,1,2,4621,0,3,3,3,2,2
55,0,4,3,2,10976,0,1,23,3,2,2
28,0,3,2,0,3660,0,0,10,8,7,7
44,1,2,3,2,10482,0,1,24,20,6,6
33,0,4,3,1,7119,0,1,9,3,2,2
35,1,4,3,0,9582,1,0,9,8,7,7
33,1,1,2,0,4508,0,0,14,13,7,8
28,0,1,1,1,2207,0,1,4,4,2,2
34,0,1,2,0,7756,0,0,7,6,2,4
37,0,4,2,1,6694,1,3,8,1,0,0
25,1,4,1,2,3691,1,1,7,7,7,6
26,1,1,1,1,2377,0,1,1,1,1,0
33,1,1,1,0,2313,1,0,5,2,2,2
42,0,4,4,2,17665,0,1,23,22,6,7
28,1,1,1,1,2596,0,2,1,1,0,0
50,1,4,2,0,4728,1,0,5,0,0,0
33,0,4,2,2,4302,0,1,4,3,2,2
34,0,3,1,2,2979,0,3,6,0,0,0
48,0,1,4,0,16885,0,0,27,5,4,1
45,0,2,2,2,5593,0,1,15,15,10,12
52,0,2,3,0,10445,0,0,18,8,6,0
38,0,3,3,1,8740,1,2,9,8,7,7
29,0,3,1,1,2514,0,1,11,7,5,7
28,0,4,3,1,7655,0,3,10,9,7,7
46,0,1,4,2,17465,0,1,23,12,9,9
38,0,4,3,0,7351,0,0,10,1,0,0
43,0,3,3,2,10820,0,1,18,8,7,1
39,1,1,4,1,12169,0,3,21,18,7,5
40,0,3,5,0,19626,0,0,21,20,7,9
21,0,4,1,0,2070,1,0,2,2,2,2
39,0,3,2,0,6782,0,0,9,5,4,3
36,0,1,2,0,7779,0,0,18,11,9,9
31,0,3,1,2,2791,0,1,3,2,2,2
28,0,1,1,2,3201,0,0,6,5,3,4
35,0,4,2,1,4968,0,1,5,5,2,2
49,0,4,4,2,13120,0,1,22,9,8,3
34,0,4,2,0,4033,0,0,5,3,2,2
29,0,4,1,1,3291,0,2,8,7,5,1
42,0,2,2,0,4272,0,0,16,1,0,0
29,0,2,2,2,5056,1,1,10,10,7,2
38,0,3,1,2,2844,0,1,7,7,6,0
28,0,3,1,1,2703,1,1,3,3,1,2
18,1,3,1,0,1904,0,0,0,0,0,0
33,1,1,2,0,8224,1,0,6,5,2,3
41,0,2,1,2,4766,1,1,6,1,0,0
31,1,3,1,2,2610,0,1,2,2,2,2
37,0,3,2,1,5731,0,2,9,6,2,3
27,0,4,1,2,2539,0,1,4,4,2,2
34,0,2,2,2,5714,0,0,6,6,5,3
35,0,3,1,0,4323,0,0,6,5,4,4
29,1,4,3,2,7336,0,1,11,11,8,10
40,0,2,3,0,13499,0,0,20,18,7,13
42,1,3,4,0,13758,1,0,22,21,9,14
42,0,2,2,0,5155,0,0,9,6,4,5
35,0,4,1,2,2258,0,1,10,8,0,7
24,0,4,1,0,3597,0,0,6,4,3,2
28,1,3,1,2,2515,1,0,1,1,1,0
26,0,1,1,2,4420,0,1,8,8,7,7
30,0,3,2,2,6578,0,1,10,10,3,4
40,0,3,2,2,4422,1,1,16,1,1,0
35,0,3,3,1,10274,0,1,15,7,7,4
34,0,4,2,0,5343,0,0,14,13,9,9
35,0,4,1,2,2376,0,1,2,2,2,2
43,1,1,2,0,5346,0,0,7,4,3,3
32,0,3,1,1,2827,0,3,1,1,0,0
56,0,4,5,1,19943,0,1,28,5,2,2
29,0,2,1,2,3131,0,1,10,10,8,8
19,0,3,1,0,2552,0,0,1,1,1,0
45,0,1,1,2,4477,1,1,7,3,2,2
37,0,4,2,2,6474,0,1,14,14,8,11
20,0,1,1,0,3033,0,0,2,2,2,2
44,1,3,1,0,2936,1,0,6,6,4,2
53,0,4,5,1,18606,0,1,26,7,7,7
29,0,2,1,2,2168,1,1,6,5,4,3
22,1,3,1,2,2853,1,1,1,0,0,0
46,0,3,4,2,17048,0,0,28,26,15,9
44,0,4,1,0,2290,0,0,6,0,0,0
33,0,2,1,2,3600,0,1,5,5,4,4
41,1,1,1,1,2107,0,1,5,1,0,0
30,0,3,2,1,4115,0,3,8,4,3,3
40,0,2,2,2,4327,0,3,5,0,0,0
50,0,4,4,2,17856,0,1,32,2,2,2
28,0,4,1,2,3196,0,3,6,6,5,3
46,0,4,5,2,19081,0,1,25,4,2,3
35,0,3,2,2,8966,1,3,15,7,7,7
24,1,4,1,2,2210,0,1,1,1,0,0
33,0,2,2,2,4539,0,1,10,10,7,1
36,0,3,1,1,2741,0,1,7,7,7,7
30,0,3,2,1,3491,0,3,10,10,7,9
44,0,4,2,0,4541,0,0,20,20,11,17
20,0,3,1,0,2678,0,0,2,2,1,2
46,0,4,2,1,7379,0,1,12,6,3,4
42,0,4,2,2,6272,0,1,10,4,3,3
60,0,2,2,1,5220,1,1,12,11,7,9
32,0,3,1,2,2743,0,1,2,2,2,2
32,0,4,2,0,4998,1,0,10,8,7,7
36,0,3,3,1,10252,1,1,17,7,7,7
33,0,1,1,2,2781,0,1,15,14,10,10
40,0,2,2,1,6852,0,1,7,5,1,3
25,0,3,2,0,4950,0,0,5,4,3,1
30,0,4,1,2,3579,1,1,12,11,9,7
42,0,1,3,2,13191,1,0,20,1,0,0
35,0,3,3,2,10377,1,1,16,13,2,12
27,0,1,1,2,2235,1,2,9,9,7,8
54,0,4,3,1,10502,0,1,33,5,4,4
44,0,1,1,2,2011,0,1,10,10,5,7
19,1,1,1,0,1859,1,0,1,1,1,0
29,0,1,1,1,3760,0,3,3,3,2,2
54,0,4,4,2,17779,0,0,36,10,9,9
31,0,3,2,2,6833,1,0,6,6,5,1
31,0,3,2,0,6812,0,0,10,10,9,8
59,0,3,2,0,5171,0,0,13,6,1,5
43,0,3,5,2,19740,0,1,25,8,7,7
49,0,1,5,2,18711,0,1,23,1,0,0
36,0,3,1,2,3692,0,0,12,11,10,7
48,0,4,1,0,2559,0,0,7,1,0,0
27,0,1,1,1,2517,0,3,5,5,3,3
29,0,3,2,1,6623,1,2,6,6,0,0
48,0,4,5,0,18265,0,0,25,1,0,0
29,0,4,4,1,16124,0,2,9,7,7,7
34,0,3,1,2,2585,0,0,2,1,0,0
44,0,2,5,2,18213,0,1,26,22,9,10
33,0,4,3,1,8380,1,2,10,9,8,8
19,0,2,1,0,2994,1,0,1,1,0,1
23,0,4,1,2,1223,0,1,1,1,0,1
25,1,3,1,0,1118,1,0,1,1,0,0
26,0,3,1,0,2875,1,0,8,8,5,2
45,1,1,5,0,18824,1,0,26,24,10,11
55,0,4,4,1,13577,1,1,34,33,9,0
21,1,1,1,0,2625,0,0,2,2,2,2
46,0,4,5,2,18789,0,1,26,11,4,8
34,0,3,2,0,4538,1,0,4,3,2,2
51,0,4,5,1,19847,1,1,31,29,10,10
59,0,4,3,0,10512,0,0,25,9,7,4
34,0,3,2,1,4444,0,2,15,11,8,10
28,0,4,1,0,2154,1,0,5,4,2,2
44,0,3,5,1,19190,0,2,26,25,9,13
34,0,3,2,2,4490,0,2,14,10,9,8
35,0,3,1,2,3506,1,0,4,3,2,2
42,0,2,2,2,2372,1,0,18,1,0,0
43,0,4,3,0,10231,0,0,23,21,7,17
36,0,3,2,0,5410,1,0,18,16,14,12
44,1,1,3,2,7978,0,1,10,10,7,5
28,0,4,1,2,3867,1,1,2,2,2,2
51,0,2,1,0,2838,0,0,8,7,0,7
30,0,3,2,0,4695,1,0,10,8,4,7
29,1,2,1,1,3339,1,2,10,7,7,7
28,0,4,1,0,2080,0,0,5,3,2,2
25,0,4,1,0,2096,0,0,2,2,2,1
32,0,3,2,2,6209,0,2,10,10,7,8
45,0,2,5,0,18061,0,0,22,0,0,0
39,0,3,4,1,17123,1,2,21,19,9,2
58,0,1,1,1,2372,0,2,2,2,2,2
32,1,4,2,2,4883,0,1,10,10,4,1
39,1,3,1,0,3904,0,0,6,5,2,3
30,0,1,2,2,4627,0,1,10,9,2,7
36,0,4,3,2,7094,0,0,10,7,7,7
46,0,4,1,0,3423,0,0,10,7,6,7
28,0,3,2,2,6674,0,3,10,9,8,5
50,0,4,4,2,16880,1,0,25,3,2,2
40,1,4,3,0,9094,1,0,9,5,4,0
52,1,2,3,0,8446,1,0,10,8,7,7
30,0,2,3,2,11916,1,2,9,9,1,8
39,0,1,2,0,4534,0,0,9,8,7,7
31,0,4,3,1,9852,1,1,10,10,8,6
41,0,3,2,0,6151,0,0,19,19,2,9
31,1,4,1,0,2302,1,0,3,3,2,2
44,1,1,1,2,2362,0,0,10,3,2,2
42,0,3,4,2,17861,1,0,21,20,8,10
55,0,4,5,2,19187,0,1,23,19,9,11
56,0,4,5,0,19717,0,0,36,7,3,7
40,0,3,1,1,3544,0,1,6,4,2,0
34,0,4,3,1,8500,0,1,10,9,7,6
40,0,3,2,0,4661,0,0,9,9,8,8
41,0,3,2,1,4103,0,1,10,9,3,7
35,0,3,2,0,4249,1,0,9,9,6,1
51,0,3,4,1,14026,1,1,33,33,9,10
38,0,2,2,1,6893,0,1,11,7,7,7
34,0,3,2,0,6125,0,0,10,10,8,6
25,0,4,1,2,3669,0,3,7,3,2,2
58,1,3,3,2,10008,1,0,31,10,9,9
40,0,2,1,2,2387,0,1,7,4,2,3
36,0,1,2,2,4639,0,1,17,15,7,13
48,0,4,3,0,7898,0,0,11,10,9,8
27,0,3,1,2,2534,0,1,5,1,0,0
51,0,4,4,0,13142,0,0,29,5,2,3
18,0,4,1,0,1611,0,0,0,0,0,0
35,0,4,2,2,5363,0,1,10,9,7,0
27,0,4,2,0,5071,0,0,8,6,2,0
55,1,1,4,0,13695,1,0,24,19,7,8
56,0,4,4,2,13402,1,1,33,19,16,9
34,0,1,1,1,2029,0,3,5,5,4,0
40,0,2,2,1,6377,0,3,15,12,11,8
34,0,2,2,2,5429,0,2,10,8,7,7
31,1,3,1,0,2785,0,0,3,1,0,0
35,1,4,2,2,4614,1,1,5,4,2,2
38,0,4,1,1,2610,0,3,4,4,2,3
34,0,3,2,0,6687,0,0,14,14,11,11
28,0,3,2,2,4724,0,1,5,5,3,4
31,1,4,2,2,6179,1,2,10,10,2,7
39,0,1,2,2,6120,1,2,8,5,4,4
51,0,2,3,2,10596,0,0,14,4,2,2
41,0,4,2,1,5467,1,2,12,6,2,3
37,0,3,1,2,2996,1,0,8,6,4,3
33,0,2,2,2,9998,0,0,8,5,4,2
32,0,3,2,2,4078,1,3,4,3,2,2
39,0,3,3,2,10920,0,1,13,6,4,5
25,0,1,2,2,6232,0,0,6,3,2,2
52,0,4,4,2,13247,1,1,24,5,3,2
43,0,1,2,0,4081,1,0,20,20,7,8
27,0,4,2,2,5769,1,0,6,6,2,4
27,1,4,1,0,2394,1,0,8,8,2,7
26,0,1,1,0,3904,0,0,5,4,3,1
42,0,3,4,2,16799,0,1,21,20,7,9
52,0,3,1,2,2950,0,0,12,5,4,4
37,0,1,1,0,3629,0,0,8,3,2,2
35,0,3,3,0,9362,0,0,10,2,2,2
25,0,1,1,2,3229,0,1,7,3,2,2
26,0,3,1,0,3578,0,0,8,7,7,7
29,0,2,3,0,7988,0,0,10,10,9,9
49,1,1,2,0,4284,0,0,20,4,3,3
29,1,3,3,0,7553,1,0,9,8,7,7
54,0,4,4,0,17328,0,0,29,20,7,7
58,0,4,5,2,19701,1,1,32,9,8,5
55,0,2,4,1,14732,0,2,31,7,7,0
36,0,1,2,0,9278,1,0,15,5,4,1
31,1,2,1,0,1359,0,0,1,1,0,0
30,0,4,2,1,4779,0,2,8,3,2,2
31,0,1,4,0,16422,0,0,9,3,2,0
34,0,4,1,1,2996,0,2,10,4,3,3
31,1,1,1,0,1261,0,0,1,1,0,0
27,0,2,1,2,2099,0,0,6,5,0,4
36,0,1,2,0,5810,0,0,10,10,4,8
36,0,3,2,2,5647,0,2,11,3,2,2
47,0,1,1,2,3420,0,1,17,6,5,2
25,1,1,1,2,4400,0,0,6,3,2,2
37,0,3,1,0,3500,0,0,7,6,5,3
56,0,1,1,2,2066,0,1,5,3,2,0
47,0,1,4,2,17169,0,2,26,20,17,6
24,0,4,2,2,4162,1,2,5,5,4,3
32,0,4,2,2,9204,0,1,7,4,3,3
34,0,4,1,2,3294,0,1,7,5,4,2
41,0,2,1,2,2127,1,0,7,4,2,3
40,0,3,2,1,3975,0,2,11,8,7,7
31,0,1,3,1,10793,0,1,13,13,7,9
46,1,1,3,1,10096,0,1,28,7,7,3
39,1,1,1,0,3646,1,0,11,1,0,0
31,1,3,3,0,7446,0,0,10,10,8,7
45,0,2,3,1,10851,1,1,24,7,7,7
31,0,4,1,0,2109,0,0,8,3,2,2
31,1,2,1,2,3722,1,1,7,2,2,2
45,0,2,3,2,9380,1,2,10,3,1,2
48,0,3,2,1,5486,0,3,15,2,2,2
34,1,1,1,2,2742,0,0,2,2,2,2
40,0,4,3,1,13757,0,1,16,9,8,8
28,0,4,2,0,8463,0,0,6,5,4,3
44,0,3,1,0,3162,0,0,7,5,2,3
53,0,4,4,0,16598,0,0,35,9,8,8
49,0,1,2,2,6651,0,1,20,3,2,2
40,0,3,1,1,2345,0,1,8,3,1,2
44,0,4,1,0,3420,0,0,6,5,2,3
33,0,4,2,2,4373,0,2,5,4,3,3
34,0,4,2,0,4759,0,0,15,13,9,12
30,0,4,2,2,5301,0,2,4,2,1,2
42,0,1,1,0,3673,0,0,12,12,9,8
44,0,1,2,2,4768,0,1,11,1,0,0
30,0,3,1,1,1274,0,2,1,1,0,0
57,0,2,2,2,4900,0,1,13,12,9,8
49,0,3,3,1,10466,0,2,29,8,7,7
34,0,2,4,1,17007,0,2,16,14,8,9
28,1,1,1,2,2909,0,1,5,3,2,2
29,1,1,2,0,5765,0,0,7,5,3,0
34,1,1,2,0,4599,1,0,16,15,9,10
35,0,4,1,2,2404,0,1,1,1,0,0
24,1,2,1,0,3172,1,0,4,0,0,0
24,0,4,1,2,2033,0,1,1,1,0,0
44,0,2,3,0,10209,1,0,16,2,2,2
29,0,3,2,1,8620,0,2,10,10,7,4
30,0,3,1,1,2064,0,1,6,5,3,3
55,0,4,2,2,4035,1,0,4,3,2,2
33,0,1,1,2,3838,0,0,8,5,4,2
47,0,3,2,2,4591,1,1,11,5,4,2
28,1,3,1,0,2561,0,0,8,0,0,0
28,0,1,1,1,1563,0,1,1,1,0,0
28,0,3,2,0,4898,0,0,5,4,2,3
49,0,3,2,2,4789,0,1,10,3,2,2
29,0,4,1,2,3180,0,3,4,3,2,2
28,0,3,2,2,6549,0,2,8,8,6,7
33,0,4,2,0,6388,1,0,14,0,0,0
32,0,3,3,0,11244,0,0,10,5,2,0
54,0,2,4,1,16032,0,1,26,14,9,12
29,1,1,1,0,2362,0,0,11,9,7,7
44,0,4,4,2,16328,0,1,24,20,6,17
39,0,2,3,0,8376,0,0,9,2,0,2
46,0,3,4,2,16606,0,1,23,13,12,1
35,0,4,3,0,8606,0,0,11,11,8,3
23,0,1,2,0,2272,0,0,5,4,3,2
40,1,4,1,0,2018,0,0,15,5,4,0
34,0,4,3,2,7083,1,0,10,10,9,6
31,1,4,1,0,4084,0,0,7,7,2,7
50,0,3,4,0,14411,1,0,32,32,6,9
34,0,2,1,2,2308,1,1,12,11,10,7
42,0,3,1,2,4841,0,1,4,1,0,0
37,0,1,2,2,4285,0,0,10,10,8,7
29,0,3,2,2,9715,0,1,9,7,7,7
33,0,4,2,0,4320,0,0,5,5,3,2
45,0,4,1,2,2132,0,1,8,5,4,3
42,0,4,3,2,10124,1,1,24,20,8,9
40,0,1,2,2,5473,0,0,9,8,4,1
33,0,2,2,2,5207,1,1,15,15,14,7
40,0,3,4,0,16437,1,0,21,21,7,7
24,0,3,1,1,2296,0,3,2,1,1,0
40,0,4,2,1,4069,1,0,8,2,2,2
45,0,1,3,1,7441,0,3,10,10,8,7
35,0,2,1,2,2430,0,2,6,5,3,2
32,0,4,2,2,5878,0,1,12,7,1,5
36,0,3,1,0,2644,1,0,7,3,2,2
48,0,3,2,1,6439,0,1,18,8,7,7
29,0,3,1,2,2451,0,2,5,1,0,0
33,0,1,2,2,6392,0,1,8,2,2,2
30,1,2,2,2,9714,0,1,10,10,8,7
38,0,3,2,2,6077,0,0,10,6,3,2
35,0,4,1,0,2450,0,0,3,3,0,2
30,0,3,3,2,9250,0,1,9,4,2,3
35,1,1,1,1,2074,1,1,1,1,0,0
53,1,3,3,2,10169,0,1,34,33,7,9
38,1,3,2,2,4855,0,2,7,5,2,4
32,0,4,2,2,4087,0,1,9,6,5,2
48,0,3,1,2,2367,0,1,10,8,2,6
34,0,1,1,0,2972,0,0,1,1,0,0
55,0,3,5,2,19586,0,1,36,36,6,13
34,0,2,2,2,5484,0,1,9,2,2,1
26,0,1,1,2,2061,0,0,1,1,0,0
38,0,3,2,2,9924,0,1,10,9,8,7
38,0,2,2,0,4198,0,0,8,3,2,2
36,0,2,2,0,6815,0,0,15,1,0,0
29,0,2,1,0,4723,1,0,10,10,9,5
35,0,1,2,0,6142,1,0,10,5,2,4
39,0,4,3,2,8237,0,1,11,7,6,6
29,0,1,2,1,8853,0,1,6,6,4,3
50,0,3,5,2,19331,1,1,27,1,0,0
23,0,4,1,2,2073,0,1,4,2,2,2
36,0,1,2,2,5562,1,1,9,3,2,2
42,0,4,5,0,19613,0,0,24,1,0,1
35,0,2,2,2,3407,0,2,10,10,9,8
34,0,4,2,2,5063,0,1,8,8,2,7
40,0,4,2,2,4639,0,1,5,5,4,2
43,0,4,1,1,4876,0,1,8,6,4,2
35,0,3,1,2,2690,0,1,1,1,0,1
46,0,4,4,0,17567,0,0,27,26,0,12
28,1,3,1,2,2408,1,3,1,1,1,0
22,0,2,1,2,2814,1,0,4,4,2,3
50,0,2,4,2,11245,1,1,32,30,8,13
32,0,2,1,2,3312,0,2,6,3,2,2
44,0,2,5,1,19049,1,1,23,22,7,10
30,0,2,1,2,2141,0,1,6,6,4,1
45,0,3,2,0,5769,1,0,10,10,7,4
45,0,1,2,2,4385,0,1,10,10,7,5
31,0,4,2,0,5332,0,0,10,5,2,3
36,0,3,2,2,4663,1,2,7,3,2,1
34,0,3,2,1,4724,0,1,9,9,7,2
49,0,3,1,2,3211,0,1,10,9,6,4
39,0,2,2,2,5377,0,3,10,7,7,7
27,0,4,1,1,4066,0,2,7,7,7,7
35,0,2,2,2,5208,0,0,16,16,15,10
28,0,2,2,1,4877,0,1,6,5,3,0
21,0,3,1,0,3117,0,0,3,2,2,2
18,1,2,1,0,1569,1,0,0,0,0,0
47,0,4,5,2,19658,0,1,27,5,2,0
39,0,3,2,1,3069,0,1,11,10,8,7
40,0,1,3,2,10435,0,2,18,18,15,12
35,0,3,2,2,4148,0,1,15,14,11,9
37,0,3,2,2,5768,0,3,9,4,3,2
39,0,1,2,0,5042,0,0,10,9,2,8
45,0,4,2,1,5770,0,2,10,10,7,9
38,0,4,3,2,7756,1,1,10,5,4,2
35,1,4,3,2,10306,0,0,15,13,12,0
37,0,2,1,2,3936,0,1,8,8,4,7
40,0,3,3,0,7945,1,0,18,4,2,3
44,0,1,2,2,5743,1,0,14,10,7,2
48,0,3,4,2,15202,0,1,23,2,2,2
35,1,1,2,1,5440,1,2,7,2,2,2
24,0,1,1,0,3760,1,0,6,6,3,3
27,0,2,1,2,3517,0,0,5,3,2,2
27,0,4,1,0,2580,0,0,6,4,2,2
40,1,1,1,0,2166,1,0,10,4,2,3
29,0,3,2,0,5869,0,0,8,5,2,4
36,0,2,3,2,8008,0,2,9,3,2,2
25,0,4,2,1,5206,0,2,7,7,7,7
39,0,4,2,2,5295,0,0,7,5,4,0
49,0,1,4,2,16413,0,2,27,4,2,2
50,0,4,3,1,13269,0,3,19,14,11,11
20,0,3,1,0,2783,0,0,2,2,2,2
34,0,4,2,1,5433,0,1,11,11,8,9
36,0,1,1,0,2013,0,0,15,4,3,3
49,0,3,4,2,13966,1,1,30,15,11,12
36,0,4,2,2,4374,0,0,4,3,2,2
36,0,4,2,1,6842,0,1,13,5,4,4
54,0,2,4,2,17426,0,1,36,10,8,7
43,0,3,4,2,17603,0,1,14,14,10,11
35,1,4,2,0,4581,1,0,13,11,9,7
38,0,4,2,2,4735,0,2,19,13,11,9
29,0,1,2,1,4187,1,1,10,10,0,9
33,0,4,2,1,5505,0,2,6,6,2,4
32,0,4,2,1,5470,0,2,10,9,5,6
31,0,1,2,2,5476,0,2,10,10,0,2
49,0,4,1,1,2587,1,1,17,2,2,2
38,0,4,1,0,2440,0,0,4,4,3,3
47,0,2,4,1,15972,0,3,29,3,2,2
49,0,3,4,0,15379,0,0,23,8,7,0
41,0,4,3,0,7082,1,0,21,2,0,2
20,0,4,1,0,2728,0,0,2,2,2,2
33,0,3,2,1,5368,1,1,7,6,5,2
36,0,1,2,2,5347,0,2,10,3,2,2
44,0,3,1,1,3195,1,3,8,2,2,2
23,1,4,1,0,3989,1,0,5,5,4,2
38,0,4,1,2,3306,0,1,7,0,0,0
53,0,2,3,2,7005,0,0,11,4,3,2
48,1,4,1,2,2655,1,2,19,9,7,7
32,1,4,1,0,1393,0,0,1,1,0,0
26,0,4,1,0,2570,0,0,7,7,7,7
55,0,1,1,1,3537,0,1,8,4,2,2
34,0,2,2,2,3986,0,1,15,15,10,13
60,0,3,3,1,10883,0,1,19,1,0,0
33,0,2,1,2,2028,0,3,14,14,11,13
37,0,3,2,1,9525,0,2,6,6,3,3
34,0,2,1,2,2929,0,0,10,10,9,7
23,1,3,1,1,2275,1,1,3,3,2,2
44,0,3,3,2,7879,1,1,9,8,7,7
35,0,1,1,0,4930,1,0,6,5,4,4
43,0,4,2,2,7847,1,1,10,10,9,8
24,0,3,1,2,4401,0,1,5,5,3,4
41,0,4,3,0,9241,0,0,10,10,8,7
29,0,4,1,2,2974,0,1,9,5,3,2
36,0,3,2,0,4502,0,0,17,13,7,7
45,0,3,3,2,10748,0,1,25,23,15,4
24,1,4,1,2,1555,0,1,1,1,0,0
47,1,3,4,2,12936,0,0,25,23,5,10
26,0,4,1,2,2305,0,3,3,3,2,2
45,0,4,4,0,16704,0,0,21,21,6,6
32,0,1,1,2,3433,0,1,10,5,2,3
31,0,2,1,2,3477,0,1,6,5,2,3
41,0,3,2,2,6430,0,1,10,3,2,2
40,0,2,2,2,6516,1,1,18,1,0,0
24,0,2,1,1,3907,0,3,6,6,2,2
46,0,3,2,0,5562,0,0,19,10,7,9
35,0,4,2,2,6883,0,1,17,7,7,7
30,0,2,1,2,2862,0,1,10,10,0,8
47,0,3,2,2,4978,0,1,4,1,0,0
46,0,3,3,1,10368,1,1,13,10,6,3
36,1,2,2,1,6134,1,3,16,2,2,2
32,1,1,2,0,6735,0,0,10,0,0,0
23,0,3,1,0,3295,0,0,3,3,2,2
31,0,4,2,0,5238,0,0,9,5,4,4
39,0,4,2,2,6472,1,1,9,9,8,8
32,0,4,3,2,9610,0,1,10,4,3,2
40,0,2,5,0,19833,0,0,21,21,8,8
45,0,3,3,2,9756,0,2,9,5,0,3
30,0,4,1,0,4968,0,0,10,9,7,7
24,0,1,1,2,2145,0,1,3,2,2,1
30,1,3,1,1,2180,0,1,6,4,2,2
31,0,1,2,2,8346,0,1,6,5,2,2
27,0,3,1,0,3445,0,0,6,6,2,4
29,1,2,1,0,2760,0,0,2,2,2,2
29,0,4,2,0,6294,1,0,10,3,2,2
30,0,3,3,1,7140,0,1,12,7,7,7
34,0,4,1,2,2932,1,3,6,5,0,2
33,0,4,2,0,5147,0,0,13,11,7,7
49,0,4,2,0,4507,0,0,8,5,1,4
33,1,1,3,0,8564,1,0,11,0,0,0
38,0,3,1,2,2468,0,1,9,6,1,5
31,1,1,3,2,8161,0,3,10,1,0,0
29,0,4,1,1,2109,0,1,1,1,0,0
30,0,3,2,2,5294,0,1,10,7,0,7
32,0,2,1,0,2718,0,0,12,7,7,7
38,0,2,2,2,5811,1,1,15,1,0,0
43,1,3,1,2,2437,1,1,6,1,0,0
42,0,2,1,1,2766,0,3,7,5,3,4
55,0,3,5,2,19038,0,3,34,1,0,0
33,0,4,2,1,3055,0,2,11,9,8,7
41,0,3,1,1,2289,0,2,5,5,3,4
34,0,4,2,1,4001,1,1,15,15,14,7
53,0,1,4,2,12965,1,3,27,3,2,2
43,0,2,1,0,3539,0,0,10,9,7,8
34,0,4,2,0,6029,0,0,6,2,2,2
21,1,2,1,0,2679,0,0,1,1,0,0
38,0,4,1,2,3702,0,1,5,5,4,4
22,1,3,1,2,2398,1,0,1,1,0,0
31,0,1,2,2,5468,0,2,13,12,7,7
51,0,1,3,2,13116,0,0,15,2,2,2
37,0,2,2,2,4189,0,2,5,5,2,3
46,0,3,5,1,19328,1,1,24,2,1,2
36,0,4,3,2,8321,1,1,15,12,8,7
44,1,3,1,1,2342,1,3,6,5,3,3
37,0,3,2,1,4071,0,0,19,10,0,7
35,1,3,2,0,5813,1,0,10,10,7,7
33,0,4,1,2,3143,0,1,14,10,8,6
28,0,3,1,2,2044,0,1,5,5,3,3
39,0,3,3,0,13464,0,0,9,4,3,2
46,0,2,2,0,7991,0,0,6,2,2,2
40,0,3,1,2,3377,0,1,7,4,3,2
42,0,2,2,2,5538,0,2,10,0,0,0
35,0,2,2,1,5762,0,1,15,7,7,7
38,0,1,1,1,2592,0,3,13,11,10,8
34,1,4,2,2,5346,0,1,11,7,1,7
37,1,4,2,0,4213,0,0,10,10,3,8
39,0,3,2,1,4127,0,1,7,2,1,2
43,0,1,1,0,2438,0,0,7,3,2,2
41,0,2,2,0,6870,0,0,11,3,2,2
41,0,3,3,1,10447,1,1,23,22,14,5
30,0,1,3,0,9667,0,0,9,7,7,2
26,1,4,1,2,2148,1,0,6,5,1,4
46,1,4,2,2,8926,0,1,13,9,7,7
40,0,3,2,1,6513,0,1,12,5,3,3
34,0,2,2,2,6799,0,2,10,10,8,8
58,0,2,4,1,16291,0,1,37,16,9,14
35,0,2,1,2,2705,0,1,6,5,4,3
47,0,3,3,1,10333,1,1,28,22,11,10
40,0,2,2,1,4448,0,1,15,7,4,7
54,0,4,2,2,6854,0,1,14,7,1,7
31,0,1,3,2,9637,0,2,9,3,2,2
28,0,3,1,2,3591,0,1,3,3,2,2
38,0,2,2,2,5405,1,2,20,4,2,3
26,0,3,2,0,4684,0,0,5,5,3,2
58,0,1,4,2,15787,1,0,23,2,2,2
18,0,2,1,0,1514,0,0,0,0,0,0
31,1,4,1,2,2956,0,0,2,1,0,0
29,1,1,1,1,2335,1,3,4,2,2,0
45,0,3,2,2,5154,0,2,10,8,7,7
36,0,4,2,2,6962,1,1,15,1,0,0
43,0,1,2,2,5675,0,1,7,7,7,7
27,0,4,1,0,2379,1,0,6,5,4,2
29,0,4,1,2,3812,0,0,11,11,8,10
32,0,4,2,0,4648,0,0,4,0,0,0
42,0,3,1,2,2936,0,2,10,6,3,3
47,0,2,1,0,2105,0,0,7,2,2,0
46,0,4,3,1,8578,0,1,12,9,8,7
28,0,3,1,1,2706,0,1,3,3,2,2
29,0,4,2,1,6384,0,2,11,7,0,6
42,0,4,1,0,3968,0,0,8,0,0,0
32,1,3,2,0,9907,1,0,7,2,2,2
46,0,1,4,1,13225,0,1,25,19,17,8
27,0,2,2,2,3540,0,1,9,9,8,8
29,0,4,1,2,2804,0,0,1,1,0,0
43,0,1,5,2,19392,0,0,21,16,12,14
48,0,4,5,2,19665,0,0,29,22,10,9
29,1,4,1,0,2439,1,0,1,1,0,0
46,1,3,3,2,7314,0,3,14,8,7,7
27,0,4,1,2,4774,0,1,8,7,6,3
39,0,4,2,1,3902,0,3,7,2,2,2
55,0,2,1,2,2662,0,1,19,5,2,4
28,0,2,1,2,2856,0,1,1,1,0,0
30,1,2,1,0,1081,0,0,1,1,0,0
22,1,4,1,0,2472,1,0,1,1,0,0
36,0,2,2,2,5673,1,1,10,10,9,7
31,0,2,2,1,4197,0,1,10,10,8,2
34,0,3,3,2,9713,1,3,9,5,3,0
29,0,4,1,0,2062,0,0,11,3,2,2
37,0,4,2,2,4284,1,1,16,5,3,4
35,0,4,2,2,4788,1,0,4,3,2,2
45,0,2,2,2,5906,0,2,10,9,8,8
36,0,2,2,0,3886,0,0,10,10,1,8
40,0,1,4,1,16823,0,1,22,19,7,16
26,0,2,1,2,2933,1,1,1,1,0,0
27,0,1,2,0,6500,0,0,9,8,7,7
48,0,4,4,1,17174,0,1,24,22,17,7
44,0,2,2,2,5033,0,1,10,2,0,2
34,1,4,1,2,2307,1,1,5,5,2,0
56,1,1,1,0,2587,0,0,5,4,2,0
36,0,3,2,2,5507,0,2,12,4,2,3
41,0,3,2,2,4393,0,1,14,5,4,4
42,0,3,3,2,13348,0,1,18,13,7,7
31,0,3,2,1,6583,1,1,8,5,2,4
34,0,4,2,2,8103,1,0,9,4,2,1
31,0,1,1,1,3978,0,1,4,2,2,2
26,0,3,1,2,2544,0,1,8,7,7,7
45,0,2,2,0,5399,0,0,12,4,2,3
33,0,2,2,0,5487,0,0,10,10,4,9
28,0,3,2,2,6834,1,1,7,7,7,7
29,1,3,1,0,1091,0,0,1,1,0,0
39,0,1,2,2,5736,0,1,10,3,2,2
27,0,2,1,2,2226,0,1,6,5,3,2
34,0,3,2,2,5747,1,0,16,15,10,11
28,1,4,2,0,9854,1,0,6,2,0,2
47,0,3,2,2,5467,0,1,16,8,7,7
56,0,4,2,2,5380,0,1,6,0,0,0
39,0,1,2,2,5151,0,1,10,10,0,9
38,0,4,2,1,2133,1,1,20,20,11,7
58,0,4,4,2,17875,1,1,29,1,0,0
32,1,1,1,0,2432,1,0,8,4,1,3
38,0,2,1,1,4771,0,2,10,5,2,3
49,0,2,5,2,19161,0,0,28,5,4,3
42,0,2,2,1,5087,1,2,14,0,0,0
27,1,1,1,2,2863,0,0,1,1,0,0
35,0,2,2,2,5561,0,1,6,5,3,4
28,0,3,1,0,2144,0,0,5,5,3,4
31,0,3,1,1,3065,1,1,4,4,2,3
36,0,1,1,2,2810,0,0,5,5,4,2
34,0,1,3,0,9888,0,0,14,14,8,1
34,0,4,3,1,8628,0,1,9,8,7,1
26,0,3,1,0,2867,0,0,8,7,7,6
29,0,1,2,2,5373,0,1,6,5,3,2
32,0,3,2,1,6667,0,1,9,5,1,2
31,0,4,2,2,5003,0,0,10,10,8,7
28,1,3,1,1,2367,0,1,6,4,1,3
38,0,1,1,0,2858,0,0,20,1,0,0
35,0,3,2,2,5204,1,0,10,10,8,9
27,0,4,2,0,4105,0,0,7,7,7,7
32,0,4,2,0,9679,0,0,8,1,0,0
31,1,1,2,2,5617,1,0,10,10,7,8
53,1,1,3,0,10448,1,0,15,2,2,2
54,0,1,2,2,2897,0,2,9,4,3,3
33,0,4,2,1,5968,0,3,9,9,7,8
43,0,1,3,2,7510,0,1,10,10,9,9
38,0,4,1,2,2991,1,1,7,6,2,2
55,0,3,5,2,19636,1,1,35,10,9,4
31,0,4,1,1,1129,1,3,1,1,0,0
39,0,2,4,0,13341,0,0,21,20,8,10
42,0,4,2,0,4332,0,0,20,20,9,7
31,0,3,3,2,11031,0,1,13,11,7,8
54,0,3,2,0,4440,1,0,9,5,2,4
24,0,2,2,0,4617,0,0,4,4,3,2
23,0,4,1,0,2647,0,0,5,5,2,4
40,0,4,2,2,6323,0,1,10,10,9,4
40,0,2,2,2,5677,0,1,15,11,8,10
25,0,3,1,2,2187,0,0,6,2,0,2
30,0,4,1,2,3748,0,0,12,12,8,7
25,0,4,1,1,3977,1,1,7,2,2,2
47,0,1,3,0,8633,0,0,25,17,14,11
33,0,2,1,1,2008,0,3,1,1,1,0
38,0,4,2,2,4440,0,2,16,15,13,8
31,0,1,1,2,3067,0,1,3,2,2,2
38,0,1,2,2,5321,0,1,10,8,3,7
42,0,4,2,1,5410,1,1,9,4,3,2
41,0,4,1,2,2782,0,1,12,5,3,0
47,0,3,3,2,11957,0,2,14,13,8,12
35,0,4,1,2,2660,1,1,5,2,2,2
22,0,4,1,0,3375,0,0,4,3,2,2
35,0,2,2,0,5098,0,0,10,10,7,8
33,0,2,2,2,4878,1,1,10,9,7,1
32,0,3,1,0,2837,0,0,6,6,2,1
40,0,1,1,2,2406,0,2,8,1,0,0
32,0,2,1,2,2269,0,1,3,2,2,2
39,0,1,2,0,4108,0,0,18,7,7,7
38,0,2,3,2,13206,0,1,20,18,16,11
32,0,3,3,2,10422,0,2,14,14,10,7
37,0,3,3,2,13744,1,1,16,16,11,8
25,0,1,2,1,4907,1,1,6,5,3,4
52,0,1,1,1,3482,0,2,16,9,8,0
44,0,2,1,0,2436,1,0,6,4,3,2
21,0,3,1,0,2380,1,0,2,2,2,2
39,0,4,5,0,19431,0,0,21,6,0,3
23,1,4,1,2,1790,0,1,1,1,0,0
36,0,1,3,2,7644,0,2,10,9,7,4
36,0,4,2,1,5131,0,3,18,4,2,2
56,0,3,2,1,6306,0,1,13,13,12,9
29,1,1,1,2,4787,1,3,4,2,2,2
42,0,1,5,2,18880,0,0,24,22,6,14
56,1,4,1,2,2339,0,1,14,10,9,8
41,0,1,4,2,13570,0,1,21,20,7,10
34,0,4,2,2,6712,0,2,8,8,7,7
36,0,4,2,1,5406,0,1,15,15,12,11
41,0,3,2,1,8938,0,1,14,5,4,4
32,0,4,1,0,2439,0,0,4,4,2,2
35,0,3,3,0,8837,1,0,9,9,0,7
38,0,1,2,2,5343,0,1,10,10,7,9
50,1,2,2,1,6728,0,2,12,6,3,1
36,0,2,2,2,6652,0,1,8,6,3,0
45,0,4,2,0,4850,0,0,8,5,3,1
40,0,3,1,0,2809,0,0,8,2,2,2
35,0,3,2,2,5689,1,2,10,10,2,2
40,0,3,1,2,2001,0,3,20,5,3,2
35,0,3,1,2,2977,0,1,4,4,3,1
29,0,4,2,2,4025,1,1,10,4,3,3
29,0,4,1,0,3785,0,0,5,5,4,4
50,1,4,3,1,10854,1,1,20,3,2,0
39,0,2,4,2,12031,0,1,21,20,9,6
31,0,2,2,0,9936,0,0,10,9,4,7
26,0,4,1,0,2966,0,0,5,4,2,0
36,0,3,2,2,2571,0,1,17,5,2,3
39,0,4,3,2,9991,0,1,9,7,7,7
27,0,2,2,2,6142,1,1,6,6,2,3
49,0,4,2,2,5390,0,0,17,9,6,8
34,0,2,2,2,4404,0,0,6,4,3,2
